Compound,antisite_type,center,center_index,layer,in_plane_neighbors,adjacent_layer_neighbors,in_plane_species,adjacent_layer_species
NiCoMnAlMoV,Li@TM,Li@TM,3,4,Ni@114; Ni@127; Mn@79; Mn@80; Mo@149; Ni@101,Li@41; Li@44; Li@33; Li@32; Li@6; Li@17,Ni; Ni; Mn; Mn; Mo; Ni,Li; Li; Li; Li; Li; Li
NiCoMnAlMoV,Li@TM,Li@TM,4,4,Mn@75; Ni@92; Al@81; Mn@78; Ni@114; Mo@149,Li@36; Li@55; Li@37; Li@40; Li@18; Li@73,Mn; Ni; Al; Mn; Ni; Mo,Li; Li; Li; Li; Li; Li
NiCoMnAlMoV,Li@TM,Li@TM,52,4,V@82; Mo@149; Ni@92; Ni@127; Mn@76; Ni@97,Li@19; Li@47; Li@68; Li@45; Li@23; Li@65,V; Mo; Ni; Ni; Mn; Ni,Li; Li; Li; Li; Li; Li
NiCoMnAlMoV,TM@Li,Ni@Li,89,3,Li@12; Li@7; Li@44; Li@64; Li@33; Li@28,Ni@131; Ni@139; Ni@115; Mn@79; Ni@119; Ni@101,Li; Li; Li; Li; Li; Li,Ni; Ni; Ni; Mn; Ni; Ni
NiCoMnAlMoV,TM@Li,Ni@Li,128,5,Li@65; Li@1; Li@23; Li@46; Li@53; Li@34,Ni@97; Mn@76; Ni@137; Ni@98; Ni@109; Ni@140,Li; Li; Li; Li; Li; Li,Ni; Mn; Ni; Ni; Ni; Ni
NiCoMnAlMoV,TM@Li,Ni@Li,148,5,Li@34; Li@43; Li@17; Li@53; Li@70; Li@6,Mn@80; Ni@147; Ni@101; Ni@110; Ni@96; Ni@102,Li; Li; Li; Li; Li; Li,Mn; Ni; Ni; Ni; Ni; Ni
NiCoMnAlMoZn,Li@TM,Li@TM,8,2,Mn@75; Ni@113; Ni@106; Al@81; Mo@149; Mn@79,Li@21; Li@42; Li@60; Li@33; Li@35; Li@51,Mn; Ni; Ni; Al; Mo; Mn,Li; Li; Li; Li; Li; Li
NiCoMnAlMoZn,Li@TM,Li@TM,53,2,Mo@149; Ni@106; Co@88; Mn@76; Ni@93; Mn@77,Li@15; Li@19; Li@27; Li@36; Li@61; Li@4,Mo; Ni; Co; Mn; Ni; Mn,Li; Li; Li; Li; Li; Li
NiCoMnAlMoZn,Li@TM,Li@TM,58,2,Mn@80; Ni@93; Mn@78; Ni@99; Ni@113; Mo@149,Li@44; Li@72; Li@59; Li@7; Li@16; Li@46,Mn; Ni; Mn; Ni; Ni; Mo,Li; Li; Li; Li; Li; Li
NiCoMnAlMoZn,TM@Li,Zn@Li,82,5,Li@23; Li@17; Li@40; Li@11; Li@32; Li@67,Ni@142; Ni@126; Ni@127; Ni@120; Ni@148; Ni@107,Li; Li; Li; Li; Li; Li,Ni; Ni; Ni; Ni; Ni; Ni
NiCoMnAlMoZn,TM@Li,Ni@Li,97,1,Li@54; Li@72; Li@0; Li@44; Li@74; Li@71,Ni@139; Ni@98; Ni@121; Mn@80; Ni@137; Ni@99,Li; Li; Li; Li; Li; Li,Ni; Ni; Ni; Mn; Ni; Ni
NiCoMnAlMoZn,TM@Li,Ni@Li,100,3,Li@12; Li@22; Li@30; Li@10; Li@7; Li@16,Ni@134; Mn@78; Ni@99; Ni@135; Ni@127; Ni@142,Li; Li; Li; Li; Li; Li,Ni; Mn; Ni; Ni; Ni; Ni
NiCoMnCrMoZn,Li@TM,Li@TM,43,2,Mn@77; Ni@95; Mn@79; Ni@141; Ni@131; Mo@149,Li@31; Li@38; Li@49; Li@34; Li@37; Li@73,Mn; Ni; Mn; Ni; Ni; Mo,Li; Li; Li; Li; Li; Li
NiCoMnCrMoZn,Li@TM,Li@TM,47,2,Mn@75; Co@88; Ni@143; Mo@149; Mn@80; Ni@131,Li@3; Li@71; Li@45; Li@40; Li@33; Li@4,Mn; Co; Ni; Mo; Mn; Ni,Li; Li; Li; Li; Li; Li
NiCoMnCrMoZn,Li@TM,Li@TM,61,2,Ni@141; Mo@149; Ni@143; Mn@76; Cr@82; Mn@78,Li@7; Li@20; Li@36; Li@53; Li@68; Li@57,Ni; Mo; Ni; Mn; Cr; Mn,Li; Li; Li; Li; Li; Li
NiCoMnCrMoZn,TM@Li,Zn@Li,81,5,Li@15; Li@65; Li@9; Li@19; Li@62; Li@69,Ni@137; Ni@103; Ni@120; Ni@92; Ni@89; Ni@101,Li; Li; Li; Li; Li; Li,Ni; Ni; Ni; Ni; Ni; Ni
NiCoMnCrMoZn,TM@Li,Ni@Li,99,3,Li@52; Li@58; Li@6; Li@34; Li@73; Li@17,Mn@79; Ni@95; Ni@108; Ni@116; Ni@145; Ni@126,Li; Li; Li; Li; Li; Li,Mn; Ni; Ni; Ni; Ni; Ni
NiCoMnCrMoZn,TM@Li,Ni@Li,104,1,Li@26; Li@32; Li@12; Li@38; Li@39; Li@49,Ni@92; Ni@101; Ni@112; Ni@100; Mn@77; Ni@95,Li; Li; Li; Li; Li; Li,Ni; Ni; Ni; Ni; Mn; Ni
NiCoMnCrNbZr,Li@TM,Li@TM,12,4,Ni@134; Mn@76; Nb@82; Mn@78; Ni@121; Ni@139,Li@40; Li@3; Li@61; Li@23; Li@54; Li@70,Ni; Mn; Nb; Mn; Ni; Ni,Li; Li; Li; Li; Li; Li
NiCoMnCrNbZr,Li@TM,Li@TM,69,4,Cr@83; Ni@96; Nb@82; Ni@126; Ni@139; Ni@108,Li@56; Zr@75; Li@41; Li@32; Li@72; Li@28,Cr; Ni; Nb; Ni; Ni; Ni,Li; Zr; Li; Li; Li; Li
NiCoMnCrNbZr,TM@Li,Zr@Li,75,3,Li@4; Li@20; Li@41; Li@8; Li@16; Li@56,Ni@131; Ni@124; Ni@142; Ni@126; Li@69; Ni@96,Li; Li; Li; Li; Li; Li,Ni; Ni; Ni; Ni; Li; Ni
NiCoMnCrNbZr,TM@Li,Ni@Li,104,5,Li@21; Li@32; Li@72; Li@1; Li@58; Li@63,Ni@96; Ni@149; Ni@126; Ni@109; Ni@145; Ni@113,Li; Li; Li; Li; Li; Li,Ni; Ni; Ni; Ni; Ni; Ni
NiCoMnCuMoZn,Li@TM,Li@TM,10,4,Ni@130; Mn@79; Mn@77; Ni@111; Ni@107; Mo@149,Li@46; Li@25; Li@24; Li@33; Li@72; Li@13,Ni; Mn; Mn; Ni; Ni; Mo,Li; Li; Li; Li; Li; Li
NiCoMnCuMoZn,Li@TM,Li@TM,15,4,Ni@107; Ni@108; Mn@76; Mo@149; Co@84; Mn@80,Li@56; Li@3; Li@64; Li@59; Li@0; Li@69,Ni; Ni; Mn; Mo; Co; Mn,Li; Li; Li; Li; Li; Li
NiCoMnCuMoZn,Li@TM,Li@TM,51,4,Ni@108; Mo@149; Mn@78; Mn@75; Ni@90; Ni@111,Li@2; Li@58; Li@41; Li@61; Li@60; Li@57,Ni; Mo; Mn; Mn; Ni; Ni,Li; Li; Li; Li; Li; Li
NiCoMnCuMoZn,TM@Li,Zn@Li,81,1,Li@73; Li@18; Li@29; Li@66; Li@30; Li@68,Ni@138; Ni@115; Ni@114; Ni@104; Ni@134; Ni@139,Li; Li; Li; Li; Li; Li,Ni; Ni; Ni; Ni; Ni; Ni
NiCoMnCuMoZn,TM@Li,Ni@Li,125,5,Li@14; Li@70; Li@60; Li@11; Li@57; Li@9,Ni@90; Ni@128; Mn@78; Ni@140; Ni@106; Ni@144,Li; Li; Li; Li; Li; Li,Ni; Ni; Mn; Ni; Ni; Ni
NiCoMnCuMoZn,TM@Li,Ni@Li,148,3,Li@19; Li@58; Li@34; Li@52; Li@54; Li@41,Ni@134; Ni@139; Ni@143; Mn@75; Ni@137; Ni@90,Li; Li; Li; Li; Li; Li,Ni; Ni; Ni; Mn; Ni; Ni
NiCoMnCuScV,Li@TM,Li@TM,8,2,V@82; Ni@100; Ni@107; Mn@76; Mn@77; Co@87,Li@69; Li@47; Li@48; Li@5; Li@42; Li@52,V; Ni; Ni; Mn; Mn; Co,Li; Li; Li; Li; Li; Li
NiCoMnCuScV,TM@Li,Sc@Li,75,3,Li@2; Li@54; Li@10; Li@64; Li@73; Li@14,Ni@93; Ni@94; Ni@132; Ni@104; Ni@134; Ni@145,Li; Li; Li; Li; Li; Li,Ni; Ni; Ni; Ni; Ni; Ni
NiCoMnFeMoNb,Li@TM,Li@TM,3,4,Nb@81; Ni@142; Li@65; Mn@80; Ni@99; Mo@149,Li@51; Li@31; Li@20; Li@9; Li@32; Ni@117,Nb; Ni; Li; Mn; Ni; Mo,Li; Li; Li; Li; Li; Ni
NiCoMnFeMoNb,Li@TM,Li@TM,61,4,Mn@78; Fe@82; Mn@79; Ni@127; Ni@116; Mo@149,Li@74; Li@7; Li@29; Li@6; Li@21; Li@23,Mn; Fe; Mn; Ni; Ni; Mo,Li; Li; Li; Li; Li; Li
NiCoMnFeMoNb,Li@TM,Li@TM,65,4,Ni@109; Li@3; Mn@75; Nb@81; Mo@149; Ni@127,Li@0; Li@48; Li@31; Li@33; Li@9; Li@26,Ni; Li; Mn; Nb; Mo; Ni,Li; Li; Li; Li; Li; Li
NiCoMnFeMoNb,TM@Li,Ni@Li,101,3,Li@51; Li@13; Li@62; Li@18; Li@20; Li@25,Ni@93; Ni@94; Ni@110; Mn@80; Ni@111; Ni@142,Li; Li; Li; Li; Li; Li,Ni; Ni; Ni; Mn; Ni; Ni
NiCoMnFeMoNb,TM@Li,Ni@Li,107,3,Li@0; Li@17; Li@18; Li@43; Li@56; Li@48,Ni@118; Ni@121; Ni@146; Mn@75; Ni@109; Ni@141,Li; Li; Li; Li; Li; Li,Ni; Ni; Ni; Mn; Ni; Ni
NiCoMnFeMoNb,TM@Li,Ni@Li,117,5,Li@9; Li@19; Li@32; Li@69; Li@37; Li@55,Mn@80; Li@3; Ni@142; Ni@132; Ni@102; Ni@120,Li; Li; Li; Li; Li; Li,Mn; Li; Ni; Ni; Ni; Ni
NiCoMnMoNbZr,Li@TM,Li@TM,6,2,Ni@94; Nb@82; Li@35; Mo@149; Mn@81; Ni@136,Li@25; Li@63; Li@73; Li@41; Li@36; Li@72,Ni; Nb; Li; Mo; Mn; Ni,Li; Li; Li; Li; Li; Li
NiCoMnMoNbZr,Li@TM,Li@TM,35,2,Ni@137; Mo@149; Ni@110; Li@6; Mn@76; Nb@82,Li@5; Li@52; Li@73; Li@12; Li@22; Li@72,Ni; Mo; Ni; Li; Mn; Nb,Li; Li; Li; Li; Li; Li
NiCoMnMoNbZr,Li@TM,Li@TM,59,2,Ni@122; Ni@123; Ni@136; Ni@148; Ni@104; Mo@149,Li@55; Li@2; Ni@131; Li@67; Li@40; Zr@75,Ni; Ni; Ni; Ni; Ni; Mo,Li; Li; Ni; Li; Li; Zr
NiCoMnMoNbZr,TM@Li,Zr@Li,75,3,Li@66; Li@0; Li@17; Li@48; Li@40; Li@67,Ni@123; Ni@122; Li@59; Ni@90; Ni@121; Ni@143,Li; Li; Li; Li; Li; Li,Ni; Ni; Li; Ni; Ni; Ni
NiCoMnMoNbZr,TM@Li,Ni@Li,120,1,Li@21; Li@2; Li@25; Li@63; Li@65; Li@71,Ni@125; Ni@133; Ni@112; Ni@105; Ni@136; Mn@81,Li; Li; Li; Li; Li; Li,Ni; Ni; Ni; Ni; Ni; Mn
NiCoMnMoNbZr,TM@Li,Ni@Li,131,1,Li@2; Li@53; Li@31; Li@45; Li@55; Li@4,Ni@93; Ni@127; Ni@144; Ni@123; Li@59; Ni@104,Li; Li; Li; Li; Li; Li,Ni; Ni; Ni; Ni; Li; Ni
NiCoMnMoScV,Li@TM,Li@TM,22,2,Ni@115; Mn@78; Mn@79; Mo@149; Ni@140; Ni@146,Li@21; Li@62; Li@38; Li@54; Li@11; Li@43,Ni; Mn; Mn; Mo; Ni; Ni,Li; Li; Li; Li; Li; Li
NiCoMnMoScV,Li@TM,Li@TM,30,2,Ni@111; V@82; Ni@140; Mo@149; Mn@81; Ni@109,Li@56; Li@4; Li@72; Li@69; Li@48; Li@74,Ni; V; Ni; Mo; Mn; Ni,Li; Li; Li; Li; Li; Li
NiCoMnMoScV,Li@TM,Li@TM,44,2,Ni@89; Ni@133; Ni@109; Ni@146; Mo@149; Mn@77,Li@19; Li@32; Sc@75; Li@57; Li@61; Li@65,Ni; Ni; Ni; Ni; Mo; Mn,Li; Li; Sc; Li; Li; Li
NiCoMnMoScV,TM@Li,Sc@Li,75,1,Li@33; Li@8; Li@32; Li@19; Li@26; Li@16,Ni@110; Ni@131; Ni@90; Ni@133; Li@44; Ni@89,Li; Li; Li; Li; Li; Li,Ni; Ni; Ni; Ni; Li; Ni
NiCoMnMoScV,TM@Li,Ni@Li,92,3,Li@57; Li@74; Li@18; Li@63; Li@36; Li@69,Ni@109; Ni@99; Mn@81; Ni@124; Ni@108; Ni@144,Li; Li; Li; Li; Li; Li,Ni; Ni; Mn; Ni; Ni; Ni
NiCoMnMoScV,TM@Li,Ni@Li,130,3,Li@61; Li@57; Li@63; Li@0; Li@42; Li@37,Ni@89; Ni@133; Ni@94; Ni@95; Ni@147; Ni@125,Li; Li; Li; Li; Li; Li,Ni; Ni; Ni; Ni; Ni; Ni
