Compound,antisite_type,center_species,neighbor_region,neighbor_species,count
NiCoMnAlMoV,Li@TM,Li,adjacent_layer,Li,18
NiCoMnAlMoV,Li@TM,Li,in_plane,Al,1
NiCoMnAlMoV,Li@TM,Li,in_plane,Mn,5
NiCoMnAlMoV,Li@TM,Li,in_plane,Mo,3
NiCoMnAlMoV,Li@TM,Li,in_plane,Ni,8
NiCoMnAlMoV,Li@TM,Li,in_plane,V,1
NiCoMnAlMoV,TM@Li,Ni,adjacent_layer,Mn,3
NiCoMnAlMoV,TM@Li,Ni,adjacent_layer,Ni,15
NiCoMnAlMoV,TM@Li,Ni,in_plane,Li,18
NiCoMnAlMoZn,Li@TM,Li,adjacent_layer,Li,18
NiCoMnAlMoZn,Li@TM,Li,in_plane,Al,1
NiCoMnAlMoZn,Li@TM,Li,in_plane,Co,1
NiCoMnAlMoZn,Li@TM,Li,in_plane,Mn,6
NiCoMnAlMoZn,Li@TM,Li,in_plane,Mo,3
NiCoMnAlMoZn,Li@TM,Li,in_plane,Ni,7
NiCoMnAlMoZn,TM@Li,Ni,adjacent_layer,Mn,2
NiCoMnAlMoZn,TM@Li,Ni,adjacent_layer,Ni,10
NiCoMnAlMoZn,TM@Li,Ni,in_plane,Li,12
NiCoMnAlMoZn,TM@Li,Zn,adjacent_layer,Ni,6
NiCoMnAlMoZn,TM@Li,Zn,in_plane,Li,6
NiCoMnCrMoZn,Li@TM,Li,adjacent_layer,Li,18
NiCoMnCrMoZn,Li@TM,Li,in_plane,Co,1
NiCoMnCrMoZn,Li@TM,Li,in_plane,Cr,1
NiCoMnCrMoZn,Li@TM,Li,in_plane,Mn,6
NiCoMnCrMoZn,Li@TM,Li,in_plane,Mo,3
NiCoMnCrMoZn,Li@TM,Li,in_plane,Ni,7
NiCoMnCrMoZn,TM@Li,Ni,adjacent_layer,Mn,2
NiCoMnCrMoZn,TM@Li,Ni,adjacent_layer,Ni,10
NiCoMnCrMoZn,TM@Li,Ni,in_plane,Li,12
NiCoMnCrMoZn,TM@Li,Zn,adjacent_layer,Ni,6
NiCoMnCrMoZn,TM@Li,Zn,in_plane,Li,6
NiCoMnCrNbZr,Li@TM,Li,adjacent_layer,Li,11
NiCoMnCrNbZr,Li@TM,Li,adjacent_layer,Zr,1
NiCoMnCrNbZr,Li@TM,Li,in_plane,Cr,1
NiCoMnCrNbZr,Li@TM,Li,in_plane,Mn,2
NiCoMnCrNbZr,Li@TM,Li,in_plane,Nb,2
NiCoMnCrNbZr,Li@TM,Li,in_plane,Ni,7
NiCoMnCrNbZr,TM@Li,Ni,adjacent_layer,Ni,6
NiCoMnCrNbZr,TM@Li,Ni,in_plane,Li,6
NiCoMnCrNbZr,TM@Li,Zr,adjacent_layer,Li,1
NiCoMnCrNbZr,TM@Li,Zr,adjacent_layer,Ni,5
NiCoMnCrNbZr,TM@Li,Zr,in_plane,Li,6
NiCoMnCuMoZn,Li@TM,Li,adjacent_layer,Li,18
NiCoMnCuMoZn,Li@TM,Li,in_plane,Co,1
NiCoMnCuMoZn,Li@TM,Li,in_plane,Mn,6
NiCoMnCuMoZn,Li@TM,Li,in_plane,Mo,3
NiCoMnCuMoZn,Li@TM,Li,in_plane,Ni,8
NiCoMnCuMoZn,TM@Li,Ni,adjacent_layer,Mn,2
NiCoMnCuMoZn,TM@Li,Ni,adjacent_layer,Ni,10
NiCoMnCuMoZn,TM@Li,Ni,in_plane,Li,12
NiCoMnCuMoZn,TM@Li,Zn,adjacent_layer,Ni,6
NiCoMnCuMoZn,TM@Li,Zn,in_plane,Li,6
NiCoMnCuScV,Li@TM,Li,adjacent_layer,Li,6
NiCoMnCuScV,Li@TM,Li,in_plane,Co,1
NiCoMnCuScV,Li@TM,Li,in_plane,Mn,2
NiCoMnCuScV,Li@TM,Li,in_plane,Ni,2
NiCoMnCuScV,Li@TM,Li,in_plane,V,1
NiCoMnCuScV,TM@Li,Sc,adjacent_layer,Ni,6
NiCoMnCuScV,TM@Li,Sc,in_plane,Li,6
NiCoMnFeMoNb,Li@TM,Li,adjacent_layer,Li,17
NiCoMnFeMoNb,Li@TM,Li,adjacent_layer,Ni,1
NiCoMnFeMoNb,Li@TM,Li,in_plane,Fe,1
NiCoMnFeMoNb,Li@TM,Li,in_plane,Li,2
NiCoMnFeMoNb,Li@TM,Li,in_plane,Mn,4
NiCoMnFeMoNb,Li@TM,Li,in_plane,Mo,3
NiCoMnFeMoNb,Li@TM,Li,in_plane,Nb,2
NiCoMnFeMoNb,Li@TM,Li,in_plane,Ni,6
NiCoMnFeMoNb,TM@Li,Ni,adjacent_layer,Li,1
NiCoMnFeMoNb,TM@Li,Ni,adjacent_layer,Mn,3
NiCoMnFeMoNb,TM@Li,Ni,adjacent_layer,Ni,14
NiCoMnFeMoNb,TM@Li,Ni,in_plane,Li,18
NiCoMnMoNbZr,Li@TM,Li,adjacent_layer,Li,16
NiCoMnMoNbZr,Li@TM,Li,adjacent_layer,Ni,1
NiCoMnMoNbZr,Li@TM,Li,adjacent_layer,Zr,1
NiCoMnMoNbZr,Li@TM,Li,in_plane,Li,2
NiCoMnMoNbZr,Li@TM,Li,in_plane,Mn,2
NiCoMnMoNbZr,Li@TM,Li,in_plane,Mo,3
NiCoMnMoNbZr,Li@TM,Li,in_plane,Nb,2
NiCoMnMoNbZr,Li@TM,Li,in_plane,Ni,9
NiCoMnMoNbZr,TM@Li,Ni,adjacent_layer,Li,1
NiCoMnMoNbZr,TM@Li,Ni,adjacent_layer,Mn,1
NiCoMnMoNbZr,TM@Li,Ni,adjacent_layer,Ni,10
NiCoMnMoNbZr,TM@Li,Ni,in_plane,Li,12
NiCoMnMoNbZr,TM@Li,Zr,adjacent_layer,Li,1
NiCoMnMoNbZr,TM@Li,Zr,adjacent_layer,Ni,5
NiCoMnMoNbZr,TM@Li,Zr,in_plane,Li,6
NiCoMnMoScV,Li@TM,Li,adjacent_layer,Li,17
NiCoMnMoScV,Li@TM,Li,adjacent_layer,Sc,1
NiCoMnMoScV,Li@TM,Li,in_plane,Mn,4
NiCoMnMoScV,Li@TM,Li,in_plane,Mo,3
NiCoMnMoScV,Li@TM,Li,in_plane,Ni,10
NiCoMnMoScV,Li@TM,Li,in_plane,V,1
NiCoMnMoScV,TM@Li,Ni,adjacent_layer,Mn,1
NiCoMnMoScV,TM@Li,Ni,adjacent_layer,Ni,11
NiCoMnMoScV,TM@Li,Ni,in_plane,Li,12
NiCoMnMoScV,TM@Li,Sc,adjacent_layer,Li,1
NiCoMnMoScV,TM@Li,Sc,adjacent_layer,Ni,5
NiCoMnMoScV,TM@Li,Sc,in_plane,Li,6
