Compound,dopant,site,center_index,layer,in_plane_neighbors,adjacent_layer_neighbors,in_plane_species,adjacent_layer_species
NiCoMnAlMoV,Al,Al@TM,81,4,Mn@78; Li@4; Ni@91; Mn@75; Ni@112; Ni@144,Li@56; Li@36; Li@51; Li@25; Li@8; Li@18,Mn; Li; Ni; Mn; Ni; Ni,Li; Li; Li; Li; Li; Li
NiCoMnAlMoV,V,V@TM,82,4,Li@52; Ni@127; Ni@144; Ni@97; Ni@111; Ni@112,Li@19; Li@27; Li@66; Li@74; Li@23; Li@9,Li; Ni; Ni; Ni; Ni; Ni,Li; Li; Li; Li; Li; Li
NiCoMnAlMoV,Mo,Mo@TM,149,4,Li@52; Ni@114; Ni@127; Li@3; Ni@92; Li@4,Li@55; Li@41; Li@47; Li@32; Li@73; Li@45,Li; Ni; Ni; Li; Ni; Li,Li; Li; Li; Li; Li; Li
NiCoMnAlMoZn,Al,Al@TM,81,2,Mn@79; Ni@130; Ni@136; Li@8; Ni@119; Mn@75,Li@21; Li@63; Li@9; Li@64; Li@28; Li@33,Mn; Ni; Ni; Li; Ni; Mn,Li; Li; Li; Li; Li; Li
NiCoMnAlMoZn,Zn,Zn@Li,82,5,Li@23; Li@17; Li@40; Li@11; Li@32; Li@67,Ni@142; Ni@126; Ni@127; Ni@120; Ni@148; Ni@107,Li; Li; Li; Li; Li; Li,Ni; Ni; Ni; Ni; Ni; Ni
NiCoMnAlMoZn,Mo,Mo@TM,149,2,Ni@113; Li@53; Ni@106; Li@8; Li@58; Ni@93,Li@19; Li@59; Li@60; Li@51; Li@36; Li@46,Ni; Li; Ni; Li; Li; Ni,Li; Li; Li; Li; Li; Li
NiCoMnCrMoZn,Zn,Zn@Li,81,5,Li@15; Li@65; Li@9; Li@19; Li@62; Li@69,Ni@137; Ni@103; Ni@120; Ni@92; Ni@89; Ni@101,Li; Li; Li; Li; Li; Li,Ni; Ni; Ni; Ni; Ni; Ni
NiCoMnCrMoZn,Cr,Cr@TM,82,2,Ni@148; Li@61; Mn@76; Mn@78; Ni@142; Ni@121,Li@36; Li@21; Li@50; Li@57; Li@1; Li@25,Ni; Li; Mn; Mn; Ni; Ni,Li; Li; Li; Li; Li; Li
NiCoMnCrMoZn,Mo,Mo@TM,149,2,Ni@143; Li@61; Ni@141; Li@47; Ni@131; Li@43,Li@71; Li@7; Li@31; Li@53; Li@4; Li@37,Ni; Li; Ni; Li; Ni; Li,Li; Li; Li; Li; Li; Li
NiCoMnCrNbZr,Zr,Zr@Li,75,3,Li@4; Li@20; Li@41; Li@8; Li@16; Li@56,Ni@131; Ni@124; Ni@142; Ni@126; Li@69; Ni@96,Li; Li; Li; Li; Li; Li,Ni; Ni; Ni; Ni; Li; Ni
NiCoMnCrNbZr,Nb,Nb@TM,82,4,Li@12; Li@69; Ni@108; Ni@121; Ni@139; Ni@90,Li@56; Li@40; Li@9; Li@28; Li@38; Li@54,Li; Li; Ni; Ni; Ni; Ni,Li; Li; Li; Li; Li; Li
NiCoMnCrNbZr,Cr,Cr@TM,83,4,Ni@126; Ni@135; Li@69; Ni@101; Ni@139; Ni@95,Li@41; Li@20; Li@66; Li@43; Li@72; Li@55,Ni; Ni; Li; Ni; Ni; Ni,Li; Li; Li; Li; Li; Li
NiCoMnCuMoZn,Zn,Zn@Li,81,1,Li@73; Li@18; Li@29; Li@66; Li@30; Li@68,Ni@138; Ni@115; Ni@114; Ni@104; Ni@134; Ni@139,Li; Li; Li; Li; Li; Li,Ni; Ni; Ni; Ni; Ni; Ni
NiCoMnCuMoZn,Cu,Cu@TM,88,2,Ni@98; Ni@96; Co@86; Ni@133; Ni@143; Co@87,Li@1; Li@23; Li@38; Li@2; Li@37; Li@41,Ni; Ni; Co; Ni; Ni; Co,Li; Li; Li; Li; Li; Li
NiCoMnCuMoZn,Mo,Mo@TM,149,4,Ni@108; Li@15; Li@51; Ni@107; Ni@111; Li@10,Li@56; Li@24; Li@2; Li@59; Li@61; Li@13,Ni; Li; Li; Ni; Ni; Li,Li; Li; Li; Li; Li; Li
NiCoMnCuScV,Sc,Sc@Li,75,3,Li@2; Li@54; Li@10; Li@64; Li@73; Li@14,Ni@93; Ni@94; Ni@132; Ni@104; Ni@134; Ni@145,Li; Li; Li; Li; Li; Li,Ni; Ni; Ni; Ni; Ni; Ni
NiCoMnCuScV,V,V@TM,82,2,Ni@136; Ni@115; Li@8; Ni@100; Ni@107; Ni@102,Li@27; Li@69; Li@32; Li@60; Li@11; Li@5,Ni; Ni; Li; Ni; Ni; Ni,Li; Li; Li; Li; Li; Li
NiCoMnCuScV,Cu,Cu@TM,89,4,Co@84; Ni@142; Ni@104; Ni@95; Ni@147; Co@83,Li@14; Li@42; Li@58; Li@30; Li@55; Li@53,Co; Ni; Ni; Ni; Ni; Co,Li; Li; Li; Li; Li; Li
NiCoMnFeMoNb,Nb,Nb@TM,81,4,Li@3; Ni@122; Ni@142; Ni@148; Li@65; Ni@109,Li@47; Li@48; Li@51; Li@57; Li@37; Li@9,Li; Ni; Ni; Ni; Li; Ni,Li; Li; Li; Li; Li; Li
NiCoMnFeMoNb,Fe,Fe@TM,82,4,Mn@79; Li@61; Ni@111; Mn@78; Ni@142; Ni@148,Li@13; Li@25; Li@74; Li@6; Li@55; Li@66,Mn; Li; Ni; Mn; Ni; Ni,Li; Li; Li; Li; Li; Li
NiCoMnFeMoNb,Mo,Mo@TM,149,4,Ni@127; Li@61; Li@65; Ni@116; Ni@99; Li@3,Li@29; Li@58; Li@31; Li@21; Li@32; Li@26,Ni; Li; Li; Ni; Ni; Li,Li; Li; Li; Li; Li; Li
NiCoMnMoNbZr,Zr,Zr@Li,75,3,Li@66; Li@0; Li@17; Li@48; Li@40; Li@67,Ni@123; Ni@122; Li@59; Ni@90; Ni@121; Ni@143,Li; Li; Li; Li; Li; Li,Ni; Ni; Li; Ni; Ni; Ni
NiCoMnMoNbZr,Nb,Nb@TM,82,2,Li@6; Li@35; Ni@96; Ni@110; Ni@111; Ni@94,Li@20; Li@73; Li@51; Li@41; Li@38; Li@22,Li; Li; Ni; Ni; Ni; Ni,Li; Li; Li; Li; Li; Li
NiCoMnMoNbZr,Mo,Mo@TM,149,2,Ni@137; Li@35; Li@6; Ni@148; Li@59; Ni@136,Li@5; Li@63; Li@55; Li@72; Li@57; Li@67,Ni; Li; Li; Ni; Li; Ni,Li; Li; Li; Li; Li; Li
NiCoMnMoScV,Sc,Sc@Li,75,1,Li@33; Li@8; Li@32; Li@19; Li@26; Li@16,Ni@110; Ni@131; Ni@90; Ni@133; Li@44; Ni@89,Li; Li; Li; Li; Li; Li,Ni; Ni; Ni; Ni; Li; Ni
NiCoMnMoScV,V,V@TM,82,2,Ni@140; Ni@145; Li@30; Ni@111; Ni@94; Ni@113,Li@41; Li@13; Li@56; Li@37; Li@48; Li@50,Ni; Ni; Li; Ni; Ni; Ni,Li; Li; Li; Li; Li; Li
NiCoMnMoScV,Mo,Mo@TM,149,2,Li@22; Ni@146; Li@30; Li@44; Ni@109; Ni@140,Li@72; Li@38; Li@19; Li@74; Li@43; Li@65,Li; Ni; Li; Li; Ni; Ni,Li; Li; Li; Li; Li; Li
