antisite_type,center_species,center_index,center_layer,neighbor_region,neighbor_side,neighbor_order,neighbor_species,neighbor_index,distance_A
Li@TM,Li,22,2,in_plane,same_layer,1,Ni,115,2.8726310276094855
Li@TM,Li,22,2,in_plane,same_layer,2,Mn,78,2.872631027609487
Li@TM,Li,22,2,in_plane,same_layer,3,Mn,79,2.872631027609487
Li@TM,Li,22,2,in_plane,same_layer,4,Mo,149,2.872631027609487
Li@TM,Li,22,2,in_plane,same_layer,5,Ni,140,2.8726310276094873
Li@TM,Li,22,2,in_plane,same_layer,6,Ni,146,2.8726310276094873
Li@TM,Li,22,2,adjacent_layer,lower,1,Li,21,2.8830762681244586
Li@TM,Li,22,2,adjacent_layer,lower,2,Li,62,2.8830762681244586
Li@TM,Li,22,2,adjacent_layer,lower,3,Li,38,2.88307626812446
Li@TM,Li,22,2,adjacent_layer,upper,4,Li,54,2.8830762681244577
Li@TM,Li,22,2,adjacent_layer,upper,5,Li,11,2.8830762681244586
Li@TM,Li,22,2,adjacent_layer,upper,6,Li,43,2.8830762681244586
Li@TM,Li,30,2,in_plane,same_layer,1,Ni,111,2.8726310276094846
Li@TM,Li,30,2,in_plane,same_layer,2,V,82,2.872631027609486
Li@TM,Li,30,2,in_plane,same_layer,3,Ni,140,2.872631027609487
Li@TM,Li,30,2,in_plane,same_layer,4,Mo,149,2.8726310276094873
Li@TM,Li,30,2,in_plane,same_layer,5,Mn,81,2.8726310276094877
Li@TM,Li,30,2,in_plane,same_layer,6,Ni,109,2.8726310276094877
Li@TM,Li,30,2,adjacent_layer,lower,1,Li,56,2.8830762681244586
Li@TM,Li,30,2,adjacent_layer,lower,2,Li,4,2.883076268124459
Li@TM,Li,30,2,adjacent_layer,lower,3,Li,72,2.883076268124459
Li@TM,Li,30,2,adjacent_layer,upper,4,Li,69,2.8830762681244573
Li@TM,Li,30,2,adjacent_layer,upper,5,Li,48,2.8830762681244586
Li@TM,Li,30,2,adjacent_layer,upper,6,Li,74,2.883076268124459
Li@TM,Li,44,2,in_plane,same_layer,1,Ni,89,2.8726310276094864
Li@TM,Li,44,2,in_plane,same_layer,2,Ni,133,2.8726310276094864
Li@TM,Li,44,2,in_plane,same_layer,3,Ni,109,2.8726310276094873
Li@TM,Li,44,2,in_plane,same_layer,4,Ni,146,2.8726310276094873
Li@TM,Li,44,2,in_plane,same_layer,5,Mo,149,2.8726310276094877
Li@TM,Li,44,2,in_plane,same_layer,6,Mn,77,2.872631027609488
Li@TM,Li,44,2,adjacent_layer,lower,1,Li,19,2.8830762681244595
Li@TM,Li,44,2,adjacent_layer,lower,2,Li,32,2.8830762681244595
Li@TM,Li,44,2,adjacent_layer,lower,3,Sc,75,2.8830762681244595
Li@TM,Li,44,2,adjacent_layer,upper,4,Li,57,2.8830762681244573
Li@TM,Li,44,2,adjacent_layer,upper,5,Li,61,2.8830762681244577
Li@TM,Li,44,2,adjacent_layer,upper,6,Li,65,2.8830762681244586
TM@Li,Sc,75,1,in_plane,same_layer,1,Li,33,2.8726310276094864
TM@Li,Sc,75,1,in_plane,same_layer,2,Li,8,2.872631027609487
TM@Li,Sc,75,1,in_plane,same_layer,3,Li,32,2.872631027609487
TM@Li,Sc,75,1,in_plane,same_layer,4,Li,19,2.8726310276094873
TM@Li,Sc,75,1,in_plane,same_layer,5,Li,26,2.8726310276094873
TM@Li,Sc,75,1,in_plane,same_layer,6,Li,16,2.872631027609488
TM@Li,Sc,75,1,adjacent_layer,lower,1,Ni,110,2.8830762681244564
TM@Li,Sc,75,1,adjacent_layer,lower,2,Ni,131,2.8830762681244564
TM@Li,Sc,75,1,adjacent_layer,lower,3,Ni,90,2.883076268124457
TM@Li,Sc,75,1,adjacent_layer,upper,4,Ni,133,2.8830762681244586
TM@Li,Sc,75,1,adjacent_layer,upper,5,Li,44,2.8830762681244595
TM@Li,Sc,75,1,adjacent_layer,upper,6,Ni,89,2.8830762681244595
TM@Li,Ni,92,3,in_plane,same_layer,1,Li,57,2.8726310276094855
TM@Li,Ni,92,3,in_plane,same_layer,2,Li,74,2.872631027609486
TM@Li,Ni,92,3,in_plane,same_layer,3,Li,18,2.8726310276094864
TM@Li,Ni,92,3,in_plane,same_layer,4,Li,63,2.8726310276094864
TM@Li,Ni,92,3,in_plane,same_layer,5,Li,36,2.8726310276094873
TM@Li,Ni,92,3,in_plane,same_layer,6,Li,69,2.8726310276094873
TM@Li,Ni,92,3,adjacent_layer,lower,1,Ni,109,2.8830762681244573
TM@Li,Ni,92,3,adjacent_layer,lower,2,Ni,99,2.8830762681244586
TM@Li,Ni,92,3,adjacent_layer,lower,3,Mn,81,2.8830762681244595
TM@Li,Ni,92,3,adjacent_layer,upper,4,Ni,124,2.8830762681244573
TM@Li,Ni,92,3,adjacent_layer,upper,5,Ni,108,2.883076268124458
TM@Li,Ni,92,3,adjacent_layer,upper,6,Ni,144,2.883076268124458
TM@Li,Ni,130,3,in_plane,same_layer,1,Li,61,2.8726310276094864
TM@Li,Ni,130,3,in_plane,same_layer,2,Li,57,2.872631027609487
TM@Li,Ni,130,3,in_plane,same_layer,3,Li,63,2.872631027609487
TM@Li,Ni,130,3,in_plane,same_layer,4,Li,0,2.8726310276094877
TM@Li,Ni,130,3,in_plane,same_layer,5,Li,42,2.872631027609488
TM@Li,Ni,130,3,in_plane,same_layer,6,Li,37,2.8726310276094886
TM@Li,Ni,130,3,adjacent_layer,lower,1,Ni,89,2.8830762681244577
TM@Li,Ni,130,3,adjacent_layer,lower,2,Ni,133,2.8830762681244586
TM@Li,Ni,130,3,adjacent_layer,lower,3,Ni,94,2.883076268124459
TM@Li,Ni,130,3,adjacent_layer,upper,4,Ni,95,2.883076268124457
TM@Li,Ni,130,3,adjacent_layer,upper,5,Ni,147,2.8830762681244573
TM@Li,Ni,130,3,adjacent_layer,upper,6,Ni,125,2.883076268124458
